{"points_img1": [[695.0130911966702, 542.9819289906352], [623.7006870548806, 2478.566275659824], [1944.6635023041479, 1298.333548387097]], "points_img2": [[693.4596853277831, 543.348067596254], [623.6841281997915, 2479.042039708637]]}