{"points_img1": [[586.4530505723205, 305.06422393340284], [622.401204578564, 365.5417065556713], [728.1310693028096, 352.00828387096783], [603.7833012149142, 129.2224633431087], [656.886996229577, 126.65706744868055], [630.9764976958527, 119.21741935483891], [833.8981912174818, 316.18121573361094], [976.9295522164412, 304.88926618106154], [848.3267934235171, 217.69032241415204], [1036.5259526326743, 316.8085462643081]], "points_img2": [[221.26047950052026, 375.7584840790844], [255.1645227887617, 439.44310593132167], [371.0796978147763, 426.6145490114465], [254.68902387934642, 196.4421700879767], [311.07072475911184, 202.43442815249284], [284.3779388353581, 190.7222873900295], [470.193893860562, 403.76305265348617], [594.5322147762749, 402.49429427679524], [489.22526951092624, 313.04682872008345], [641.47627471384, 414.5474988553592]]}