{"points_img1": [[502.519145723205, 286.18061835587946], [591.1278210197711, 423.1644828303851], [518.7957549219562, 559.5872238085327], [261.8067318210198, 456.22470110301776], [688.0511432258065, 413.7739086784601], [134.57493694068677, 282.7333212903227]], "points_img2": [[809.5228182310093, 151.68316786680546], [914.2709056399581, 291.7973915504684], [843.1061475962542, 435.63632732570255], [578.3409446826222, 342.28214326742983], [1033.1153013943808, 274.529942476587], [456.399670842872, 186.03681481789815]]}