{"points_img1": [[406.0790875904789, 310.8042968251943], [479.9950542906278, 358.9060995823523], [707.1749226212505, 596.9482418686227], [447.0841783502989, 524.8842970117827], [720.0007884058773, 848.8270815231226]], "points_img2": [[94.3197922557726, 284.6730059117497], [172.16195693267878, 347.01413346684774], [370.2657549597256, 594.896817831118], [122.1597489672101, 515.707065334009], [364.0014980459443, 826.0251507963944]]}