{"points_img1": [[723.5272049947973, 597.6640164828307], [661.5505069124425, 2426.6390029325507], [1936.7051948051949, 1308.8625806451614], [1957.6948889819862, 2161.498826979472]], "points_img2": [[180.5993548387096, 179.36064516129045], [210.0806451612898, 2854.7877419354836], [3828.909032258064, 238.32322580645177], [3851.0199999999995, 2891.6393548387096]]}