{"points_img1": [[335.21624039226083, 335.9271799628942], [429.18313510469125, 311.6883696660482], [420.88217267426455, 468.0785018552875], [327.5793549562683, 479.0357722634508]], "points_img2": [[3.753826530612514, 3.9464285714284415], [678.1288265306123, 5.428571428571331], [679.6109693877552, 903.6071428571428], [5.235969387755404, 903.6071428571428]]}