{"points_img1": [[564.95086867846, 82.3354530697192], [973.5794637620445, 44.672082111437135], [575.5306520707596, 417.8905764828305], [968.7599062643083, 409.9427115088449], [761.6590163579606, 256.1493089698232], [765.520673798127, 455.45413177939656]], "points_img2": [[90.38452861602491, 9.325265348595252], [511.62925848345196, 72.54621700879787], [86.82092869927158, 393.10598576482835], [489.64164378772114, 400.1760411238294], [308.92715204994795, 237.21585931321556], [302.53301261186266, 439.37891279916767]]}